Date,Close
2020-06-04,78.32931518554688
2020-06-05,80.56022644042969
2020-06-08,81.03654479980469
2020-06-09,83.59549713134766
2020-06-10,85.7462158203125
2020-06-11,81.6294937133789
2020-06-12,82.3342514038086
2020-06-15,83.35250091552734
2020-06-16,85.56153106689453
2020-06-17,85.44245147705078
2020-06-18,85.47648620605469
2020-06-19,84.98799133300781
2020-06-22,87.21159362792969
2020-06-23,89.07311248779297
2020-06-24,87.50080108642578
2020-06-25,88.66242218017578
2020-06-26,85.93820190429688
2020-06-29,87.91877746582031
2020-06-30,88.65272521972656
2020-07-01,88.48501586914062
2020-07-02,88.48501586914062
2020-07-06,90.85202026367188
2020-07-07,90.57010650634766
2020-07-08,92.67951202392578
2020-07-09,93.07804107666016
2020-07-10,93.24087524414062
2020-07-13,92.81074523925781
2020-07-14,94.34659576416016
2020-07-15,94.99544525146484
2020-07-16,93.82655334472656
2020-07-17,93.63697814941406
2020-07-20,95.61026763916016
2020-07-21,94.29071044921875
2020-07-22,94.55558013916016
2020-07-23,90.25175476074219
2020-07-24,90.02818298339844
2020-07-27,92.161865234375
2020-07-28,90.64788818359375
2020-07-29,92.38545227050781
2020-07-30,93.50333404541016
2020-07-31,103.29206848144531
2020-08-03,105.89476776123047
2020-08-04,106.60195922851562
2020-08-05,106.98835754394531
2020-08-06,110.7210922241211
2020-08-07,108.20376586914062
2020-08-10,109.77649688720703
2020-08-11,106.51174926757812
2020-08-12,110.05158233642578
2020-08-13,111.99923706054688
2020-08-14,111.89944458007812
2020-08-17,111.60725402832031
2020-08-18,112.53726959228516
2020-08-19,112.678466796875
2020-08-20,115.17876434326172
2020-08-21,121.11419677734375
2020-08-24,122.5627670288086
2020-08-25,121.55730438232422
2020-08-26,123.21036529541016
2020-08-27,121.73745727539062
2020-08-28,121.5402603149414
2020-08-31,125.66195678710938
2020-09-01,130.6674041748047
2020-09-02,127.96017456054688
2020-09-03,117.7155532836914
2020-09-04,117.79345703125
2020-09-08,109.8665771484375
2020-09-09,114.24876403808594
2020-09-10,110.51902770996094
2020-09-11,109.06806182861328
2020-09-14,112.34007263183594
2020-09-15,112.5153579711914
2020-09-16,109.19461822509766
2020-09-17,107.45149230957031
2020-09-18,104.0431137084961
2020-09-21,107.19829559326172
2020-09-22,108.88299560546875
2020-09-23,104.31578826904297
2020-09-24,105.38700103759766
2020-09-25,109.3407211303711
2020-09-28,111.9505386352539
2020-09-29,111.10331726074219
2020-09-30,112.7782974243164
2020-10-01,113.7326431274414
2020-10-02,110.06133270263672
2020-10-05,113.45023345947266
2020-10-06,110.19766998291016
2020-10-07,112.06739807128906
2020-10-08,111.96027374267578
2020-10-09,113.90792846679688
2020-10-12,121.1434097290039
2020-10-13,117.9298095703125
2020-10-14,118.01746368408203
2020-10-15,117.55001831054688
2020-10-16,115.90425872802734
2020-10-19,112.94384002685547
2020-10-20,114.43378448486328
2020-10-21,113.81056213378906
2020-10-22,112.71986389160156
2020-10-23,112.0284652709961
2020-10-26,112.03816986083984
2020-10-27,113.54762268066406
2020-10-28,108.2889633178711
2020-10-29,112.30110931396484
2020-10-30,106.01024627685547
2020-11-02,105.92259979248047
2020-11-03,107.54887390136719
2020-11-04,111.94080352783203
2020-11-05,115.91399383544922
2020-11-06,115.78231048583984
2020-11-09,113.47036743164062
2020-11-10,113.12895202636719
2020-11-11,116.56271362304688
2020-11-12,116.28956604003906
2020-11-13,116.33834838867188
2020-11-16,117.35285949707031
2020-11-17,116.46517181396484
2020-11-18,115.13847351074219
2020-11-19,115.73353576660156
2020-11-20,114.46537017822266
2020-11-23,111.06086730957031
2020-11-24,112.34852600097656
2020-11-25,113.18746948242188
2020-11-27,113.73374938964844
2020-11-30,116.13348388671875
2020-12-01,119.7136001586914
2020-12-02,120.06476593017578
2020-12-03,119.92821502685547
2020-12-04,119.25508880615234
2020-12-07,120.71835327148438
2020-12-08,121.3329086303711
2020-12-09,118.79660034179688
2020-12-10,120.22084045410156
2020-12-11,119.41117858886719
2020-12-14,118.79660034179688
2020-12-15,124.74717712402344
2020-12-16,124.67887878417969
2020-12-17,125.54708099365234
2020-12-18,123.55706787109375
2020-12-21,125.0886001586914
2020-12-22,128.64918518066406
2020-12-23,127.75172424316406
2020-12-24,128.7369384765625
2020-12-28,133.3413543701172
2020-12-29,131.56594848632812
2020-12-30,130.44412231445312
2020-12-31,129.43931579589844
2021-01-04,126.23970794677734
2021-01-05,127.80049133300781
2021-01-06,123.49853515625
2021-01-07,127.71270751953125
2021-01-08,128.8150177001953
2021-01-11,125.82024383544922
2021-01-12,125.64464569091797
2021-01-13,127.68343353271484
2021-01-14,125.75193786621094
2021-01-15,124.02531433105469
2021-01-19,124.6983871459961
2021-01-20,128.79547119140625
2021-01-21,133.5169219970703
2021-01-22,135.6630401611328
2021-01-25,139.418701171875
2021-01-26,139.65283203125
2021-01-27,138.5797576904297
2021-01-28,133.73153686523438
2021-01-29,128.72720336914062
2021-02-01,130.8538055419922
2021-02-02,131.68299865722656
2021-02-03,130.65869140625
2021-02-04,134.0242156982422
2021-02-05,133.60899353027344
2021-02-08,133.75552368164062
2021-02-09,132.87625122070312
2021-02-10,132.27053833007812
2021-02-11,132.0165252685547
2021-02-12,132.25099182128906
2021-02-16,130.12124633789062
2021-02-17,127.82537841796875
2021-02-18,126.721435546875
2021-02-19,126.87771606445312
2021-02-22,123.09690856933594
2021-02-23,122.96013641357422
2021-02-24,122.46188354492188
2021-02-25,118.20231628417969
2021-02-26,118.46611785888672
2021-03-01,124.84564971923828
2021-03-02,122.23717498779297
2021-03-03,119.24767303466797
2021-03-04,117.36213684082031
2021-03-05,118.62240600585938
2021-03-08,113.67901611328125
2021-03-09,118.30003356933594
2021-03-10,117.21560668945312
2021-03-11,119.14997863769531
2021-03-12,118.24139404296875
2021-03-15,121.1332015991211
2021-03-16,122.67681121826172
2021-03-17,121.88545989990234
2021-03-18,117.75291442871094
2021-03-19,117.22537231445312
2021-03-22,120.54702758789062
2021-03-23,119.71662902832031
2021-03-24,117.32306671142578
2021-03-25,117.81155395507812
2021-03-26,118.41727447509766
2021-03-29,118.59310150146484
2021-03-30,117.13744354248047
2021-03-31,119.33560943603516
2021-04-01,120.16602325439453
2021-04-05,122.99921417236328
2021-04-06,123.30207061767578
2021-04-07,124.953125
2021-04-08,127.35645294189453
2021-04-09,129.9356231689453
2021-04-12,128.21612548828125
2021-04-13,131.33265686035156
2021-04-14,128.98793029785156
2021-04-15,131.40103149414062
2021-04-16,131.06890869140625
2021-04-19,131.7332000732422
2021-04-20,130.04310607910156
2021-04-21,130.42413330078125
2021-04-22,128.90003967285156
2021-04-23,131.2252197265625
2021-04-26,131.61599731445312
2021-04-27,131.29356384277344
2021-04-28,130.5022735595703
2021-04-29,130.4045867919922
2021-04-30,128.43109130859375
2021-05-03,129.48622131347656
2021-05-04,124.90425872802734
2021-05-05,125.1485366821289
2021-05-06,126.750732421875
2021-05-07,127.42597198486328
2021-05-10,124.13783264160156
2021-05-11,123.2179183959961
2021-05-12,120.14503479003906
2021-05-13,122.29800415039062
2021-05-14,124.72498321533203
2021-05-17,123.57022857666016
2021-05-18,122.18058013916016
2021-05-19,122.02400207519531
2021-05-20,124.58796691894531
2021-05-21,122.7481689453125
2021-05-24,124.38249206542969
2021-05-25,124.18675231933594
2021-05-26,124.13783264160156
2021-05-27,122.60139465332031
2021-05-28,121.94570922851562
2021-06-01,121.62275695800781
2021-06-02,122.3860855102539
2021-06-03,120.89857482910156
2021-06-04,123.1983413696289
2021-06-07,123.2081298828125
2021-06-08,124.0301742553711
2021-06-09,124.41182708740234
2021-06-10,123.41365051269531
2021-06-11,124.62712097167969
2021-06-14,127.69022369384766
2021-06-15,126.8681640625
2021-06-16,127.3672866821289
2021-06-17,128.97222900390625
2021-06-18,127.67062377929688
2021-06-21,129.47129821777344
2021-06-22,131.1153564453125
2021-06-23,130.84130859375
2021-06-24,130.5575714111328
2021-06-25,130.26397705078125
2021-06-28,131.89828491210938
2021-06-29,133.41514587402344
2021-06-30,134.03164672851562
2021-07-01,134.33502197265625
2021-07-02,136.96751403808594
2021-07-06,138.98348999023438
2021-07-07,141.47891235351562
2021-07-08,140.1773681640625
2021-07-09,142.0074005126953
2021-07-12,141.41043090820312
2021-07-13,142.52603149414062
2021-07-14,145.96099853515625
2021-07-15,145.3053436279297
2021-07-16,143.2600555419922
2021-07-19,139.4042510986328
2021-07-20,143.025146484375
2021-07-21,142.29116821289062
2021-07-22,143.66128540039062
2021-07-23,145.38360595703125
2021-07-26,145.80445861816406
2021-07-27,143.63189697265625
2021-07-28,141.88015747070312
2021-07-29,142.52603149414062
2021-07-30,142.7413787841797
2021-08-02,142.40863037109375
2021-08-03,144.20925903320312
2021-08-04,143.80804443359375
2021-08-05,143.9156951904297
2021-08-06,143.22964477539062
2021-08-09,143.1806182861328
2021-08-10,142.70042419433594
2021-08-11,142.95523071289062
2021-08-12,145.92486572265625
2021-08-13,146.13072204589844
2021-08-16,148.1104736328125
2021-08-17,147.198974609375
2021-08-18,143.4452667236328
2021-08-19,143.77847290039062
2021-08-20,145.23883056640625
2021-08-23,146.7285919189453
2021-08-24,146.64031982421875
2021-08-25,145.4054412841797
2021-08-26,144.60179138183594
2021-08-27,145.6406707763672
2021-08-30,150.0706329345703
2021-08-31,148.8063507080078
2021-09-01,149.4727783203125
2021-09-02,150.59007263183594
2021-09-03,151.22714233398438
2021-09-07,153.56956481933594
2021-09-08,152.02102661132812
2021-09-09,151.00172424316406
2021-09-10,146.0032501220703
2021-09-13,146.5717315673828
2021-09-14,145.1702117919922
2021-09-15,146.0620880126953
2021-09-16,145.8268280029297
2021-09-17,143.1512451171875
2021-09-20,140.09336853027344
2021-09-21,140.5736083984375
2021-09-22,142.9454345703125
2021-09-23,143.9058837890625
2021-09-24,143.99412536621094
2021-09-27,142.47496032714844
2021-09-28,139.08387756347656
2021-09-29,139.98558044433594
2021-09-30,138.6820526123047
2021-10-01,139.80914306640625
2021-10-04,136.36904907226562
2021-10-05,138.29983520507812
2021-10-06,139.17208862304688
2021-10-07,140.4364013671875
2021-10-08,140.05418395996094
2021-10-11,139.9659881591797
2021-10-12,138.6918487548828
2021-10-13,138.10379028320312
2021-10-14,140.89703369140625
2021-10-15,141.95555114746094
2021-10-18,143.6314697265625
2021-10-19,145.79745483398438
2021-10-20,146.28750610351562
2021-10-21,146.503173828125
2021-10-22,145.72885131835938
2021-10-25,145.6798553466797
2021-10-26,146.34634399414062
2021-10-27,145.8856964111328
2021-10-28,149.53160095214844
2021-10-29,146.81675720214844
2021-11-01,145.9934539794922
2021-11-02,147.03236389160156
2021-11-03,148.47312927246094
2021-11-04,147.95367431640625
2021-11-05,148.48370361328125
2021-11-08,147.6592559814453
2021-11-09,148.02235412597656
2021-11-10,145.185791015625
2021-11-11,145.13670349121094
2021-11-12,147.21754455566406
2021-11-15,147.2273406982422
2021-11-16,148.2088623046875
2021-11-17,150.65283203125
2021-11-18,154.95184326171875
2021-11-19,157.5823211669922
2021-11-22,158.0436248779297
2021-11-23,158.4264373779297
2021-11-24,158.94664001464844
2021-11-26,153.9114532470703
2021-11-29,157.2780303955078
2021-11-30,162.2445068359375
2021-12-01,161.72434997558594
2021-12-02,160.73300170898438
2021-12-03,158.84848022460938
2021-12-06,162.26414489746094
2021-12-07,168.01583862304688
2021-12-08,171.8437042236328
2021-12-09,171.33335876464844
2021-12-10,176.13296508789062
2021-12-13,172.49154663085938
2021-12-14,171.10763549804688
2021-12-15,175.98573303222656
2021-12-16,169.0758514404297
2021-12-17,167.97657775878906
2021-12-20,166.61227416992188
2021-12-21,169.79238891601562
2021-12-22,172.39340209960938
2021-12-23,173.02157592773438
2021-12-27,176.99668884277344
2021-12-28,175.97592163085938
2021-12-29,176.0642547607422
2021-12-30,174.9060821533203
2021-12-31,174.28773498535156
2022-01-03,178.6456756591797
2022-01-04,176.37835693359375
2022-01-05,171.68670654296875
2022-01-06,168.82066345214844
2022-01-07,168.98753356933594
2022-01-10,169.00717163085938
2022-01-11,171.8437042236328
2022-01-12,172.28541564941406
2022-01-13,169.00717163085938
2022-01-14,169.8709259033203
2022-01-18,166.6613311767578
2022-01-19,163.15731811523438
2022-01-20,161.46913146972656
2022-01-21,159.40792846679688
2022-01-24,158.63253784179688
2022-01-25,156.8265838623047
2022-01-26,156.73822021484375
2022-01-27,156.2769012451172
2022-01-28,167.1815643310547
2022-01-31,171.5492706298828
2022-02-01,171.38243103027344
2022-02-02,172.58969116210938
2022-02-03,169.70404052734375
2022-02-04,169.41905212402344
2022-02-07,168.70162963867188
2022-02-08,171.8170166015625
2022-02-09,173.24200439453125
2022-02-10,169.1536865234375
2022-02-11,165.733642578125
2022-02-14,165.9695281982422
2022-02-15,169.81214904785156
2022-02-16,169.57630920410156
2022-02-17,165.9695281982422
2022-02-18,164.416748046875
2022-02-22,161.48812866210938
2022-02-23,157.31138610839844
2022-02-24,159.93533325195312
2022-02-25,162.0089874267578
2022-02-28,162.27432250976562
2022-03-01,160.38743591308594
2022-03-02,163.6895294189453
2022-03-03,163.36517333984375
2022-03-04,160.3579559326172
2022-03-07,156.55462646484375
2022-03-08,154.7266845703125
2022-03-09,160.14173889160156
2022-03-10,155.78807067871094
2022-03-11,152.0634002685547
2022-03-14,148.0242462158203
2022-03-15,152.41720581054688
2022-03-16,156.83961486816406
2022-03-17,157.85183715820312
2022-03-18,161.15396118164062
2022-03-21,162.52987670898438
2022-03-22,165.91058349609375
2022-03-23,167.27659606933594
2022-03-24,171.07008361816406
2022-03-25,171.7089080810547
2022-03-28,172.57374572753906
2022-03-29,175.87582397460938
2022-03-30,174.70632934570312
2022-03-31,171.60079956054688
2022-04-01,171.3059844970703
2022-04-04,175.3647918701172
2022-04-05,172.0430145263672
2022-04-06,168.86866760253906
2022-04-07,169.17333984375
2022-04-08,167.15867614746094
2022-04-11,162.8934783935547
2022-04-12,164.7705841064453
2022-04-13,167.4633331298828
2022-04-14,162.44142150878906
2022-04-18,162.22520446777344
2022-04-19,164.51504516601562
2022-04-20,164.3479461669922
2022-04-21,163.5519256591797
2022-04-22,159.00172424316406
2022-04-25,160.0729217529297
2022-04-26,154.0977325439453
2022-04-27,153.8716583251953
2022-04-28,160.81982421875
2022-04-29,154.93307495117188
2022-05-02,155.2377166748047
2022-05-03,156.73153686523438
2022-05-04,163.15882873535156
2022-05-05,154.0682373046875
2022-05-06,154.7965545654297
2022-05-09,149.65896606445312
2022-05-10,152.07029724121094
2022-05-11,144.18675231933594
2022-05-12,140.30899047851562
2022-05-13,144.78712463378906
2022-05-16,143.241943359375
2022-05-17,146.8834991455078
2022-05-18,138.59645080566406
2022-05-19,135.18124389648438
2022-05-20,135.4174346923828
2022-05-23,140.85028076171875
2022-05-24,138.14373779296875
2022-05-25,138.30117797851562
2022-05-26,141.50970458984375
2022-05-27,147.2771759033203
2022-05-31,146.48983764648438
2022-06-01,146.3618621826172
2022-06-02,148.82244873046875
2022-06-03,143.0844268798828
2022-06-06,143.83245849609375
2022-06-07,146.3618621826172
2022-06-08,145.62371826171875
2022-06-09,140.38771057128906
2022-06-10,134.9647216796875
2022-06-13,129.79762268066406
2022-06-14,130.66372680664062
2022-06-15,133.29156494140625
2022-06-16,128.00634765625
2022-06-17,129.48268127441406
2022-06-21,133.72462463378906
2022-06-22,133.21282958984375
2022-06-23,136.08673095703125
2022-06-24,139.42323303222656
2022-06-27,139.42323303222656
2022-06-28,135.26983642578125
2022-06-29,137.0315704345703
2022-06-30,134.56117248535156
2022-07-01,136.7362823486328
2022-07-05,139.32479858398438
2022-07-06,140.6632843017578
2022-07-07,144.03916931152344
2022-07-08,144.71824645996094
2022-07-11,142.5824737548828
2022-07-12,143.556884765625
2022-07-13,143.19271850585938
2022-07-14,146.1256561279297
2022-07-15,147.79879760742188
2022-07-18,144.74777221679688
2022-07-19,148.61572265625
2022-07-20,150.62351989746094
2022-07-21,152.89703369140625
2022-07-22,151.65696716308594
2022-07-25,150.53494262695312
2022-07-26,149.2062225341797
2022-07-27,154.31427001953125
2022-07-28,154.8654327392578
2022-07-29,159.94400024414062
2022-08-01,158.95977783203125
2022-08-02,157.4834442138672
2022-08-03,163.50682067871094
2022-08-04,163.19187927246094
2022-08-05,162.96519470214844
2022-08-08,162.49208068847656
2022-08-09,162.5413818359375
2022-08-10,166.79905700683594
2022-08-11,166.05990600585938
2022-08-12,169.61781311035156
2022-08-15,170.69210815429688
2022-08-16,170.53443908691406
2022-08-17,172.0325164794922
2022-08-18,171.63827514648438
2022-08-19,169.0461883544922
2022-08-22,165.15316772460938
2022-08-23,164.81805419921875
2022-08-24,165.1137237548828
2022-08-25,167.5776824951172
2022-08-26,161.2601318359375
2022-08-29,159.05245971679688
2022-08-30,156.6180877685547
2022-08-31,154.95245361328125
2022-09-01,155.6817626953125
2022-09-02,153.5627899169922
2022-09-06,152.3012237548828
2022-09-07,153.71063232421875
2022-09-08,152.2322540283203
2022-09-09,155.10028076171875
2022-09-12,161.0728759765625
2022-09-13,151.62120056152344
2022-09-14,153.07000732421875
2022-09-15,150.1724090576172
2022-09-16,148.52645874023438
2022-09-19,152.251953125
2022-09-20,154.63706970214844
2022-09-21,151.50289916992188
2022-09-22,150.53704833984375
2022-09-23,148.26039123535156
2022-09-26,148.59547424316406
2022-09-27,149.57118225097656
2022-09-28,147.67889404296875
2022-09-29,140.42503356933594
2022-09-30,136.20675659179688
2022-10-03,140.39544677734375
2022-10-04,143.99281311035156
2022-10-05,144.2884979248047
2022-10-06,143.33248901367188
2022-10-07,138.06951904296875
2022-10-10,138.39474487304688
2022-10-11,136.97549438476562
2022-10-12,136.3447265625
2022-10-13,140.92767333984375
2022-10-14,136.3841552734375
2022-10-17,140.35604858398438
2022-10-18,141.67672729492188
2022-10-19,141.78512573242188
2022-10-20,141.32192993164062
2022-10-21,145.14596557617188
2022-10-24,147.29446411132812
2022-10-25,150.14280700683594
2022-10-26,147.1959686279297
2022-10-27,142.71157836914062
2022-10-28,153.49380493164062
2022-10-31,151.12838745117188
2022-11-01,148.47720336914062
2022-11-02,142.93826293945312
2022-11-03,136.876953125
2022-11-04,136.6103973388672
2022-11-07,137.1435089111328
2022-11-08,137.71607971191406
2022-11-09,133.14529418945312
2022-11-10,144.99183654785156
2022-11-11,147.78564453125
2022-11-14,146.38381958007812
2022-11-15,148.12127685546875
2022-11-16,146.88726806640625
2022-11-17,148.79261779785156
2022-11-18,149.35531616210938
2022-11-21,146.1172637939453
2022-11-22,148.25949096679688
2022-11-23,149.1381378173828
2022-11-25,146.2159881591797
2022-11-28,142.375732421875
2022-11-29,139.36473083496094
2022-11-30,146.13699340820312
2022-12-01,146.4134063720703
2022-12-02,145.91978454589844
2022-12-05,144.75491333007812
2022-12-06,141.08248901367188
2022-12-07,139.13766479492188
2022-12-08,140.8258056640625
2022-12-09,140.3420867919922
2022-12-12,142.64227294921875
2022-12-13,143.6097412109375
2022-12-14,141.37864685058594
2022-12-15,134.7544403076172
2022-12-16,132.7898712158203
2022-12-19,130.67727661132812
2022-12-20,130.60818481445312
2022-12-21,133.71786499023438
2022-12-22,130.53907775878906
2022-12-23,130.17376708984375
2022-12-27,128.3671875
2022-12-28,124.42820739746094
2022-12-29,127.95256042480469
2022-12-30,128.26844787597656
2023-01-03,123.4706039428711
2023-01-04,124.7441177368164
2023-01-05,123.42124938964844
2023-01-06,127.96241760253906
2023-01-09,128.4856719970703
2023-01-10,129.05824279785156
2023-01-11,131.782958984375
2023-01-12,131.70396423339844
2023-01-13,133.0366973876953
2023-01-17,134.2015838623047
2023-01-18,133.48092651367188
2023-01-19,133.54019165039062
2023-01-20,136.10691833496094
2023-01-23,139.3054962158203
2023-01-24,140.70733642578125
2023-01-25,140.04592895507812
2023-01-26,142.11904907226562
2023-01-27,144.06385803222656
2023-01-30,141.17132568359375
2023-01-31,142.44480895996094
2023-02-01,143.57025146484375
2023-02-02,148.891357421875
2023-02-03,152.52427673339844
2023-02-06,149.78970336914062
2023-02-07,152.67234802246094
2023-02-08,149.9772491455078
2023-02-09,148.94068908691406
2023-02-10,149.3065185546875
2023-02-13,152.11447143554688
2023-02-14,151.4718017578125
2023-02-15,153.57778930664062
2023-02-16,151.97605895996094
2023-02-17,150.8291473388672
2023-02-21,146.80502319335938
2023-02-22,147.23020935058594
2023-02-23,147.71466064453125
2023-02-24,145.05502319335938
2023-02-27,146.25137329101562
2023-02-28,145.7471466064453
2023-03-01,143.67079162597656
2023-03-02,144.2640380859375
2023-03-03,149.32626342773438
2023-03-06,152.09471130371094
2023-03-07,149.88986206054688
2023-03-08,151.14552307128906
2023-03-09,148.89126586914062
2023-03-10,146.82484436035156
2023-03-13,148.77259826660156
2023-03-14,150.86868286132812
2023-03-15,151.26417541503906
2023-03-16,154.09193420410156
2023-03-17,153.2515106201172
2023-03-20,155.6244354248047
2023-03-21,157.48324584960938
2023-03-22,156.04959106445312
2023-03-23,157.13717651367188
2023-03-24,158.4422607421875
2023-03-27,156.4945068359375
2023-03-28,155.87159729003906
2023-03-29,158.9564208984375
2023-03-30,160.5284881591797
2023-03-31,163.03982543945312
2023-04-03,164.2955322265625
2023-04-04,163.76158142089844
2023-04-05,161.91268920898438
2023-04-06,162.80252075195312
2023-04-10,160.20220947265625
2023-04-11,158.98609924316406
2023-04-12,158.29396057128906
2023-04-13,163.69236755371094
2023-04-14,163.34637451171875
2023-04-17,163.36610412597656
2023-04-18,164.59210205078125
2023-04-19,165.73902893066406
2023-04-20,164.77008056640625
2023-04-21,163.1584930419922
2023-04-24,163.46499633789062
2023-04-25,161.922607421875
2023-04-26,161.91268920898438
2023-04-27,166.51023864746094
2023-04-28,167.76588439941406
2023-05-01,167.67691040039062
2023-05-02,166.63877868652344
2023-05-03,165.56105041503906
2023-05-04,163.91976928710938
2023-05-05,171.61204528808594
2023-05-08,171.54281616210938
2023-05-09,169.83233642578125
2023-05-10,171.60215759277344
2023-05-11,171.78997802734375
2023-05-12,170.8593292236328
2023-05-15,170.36427307128906
2023-05-16,170.36427307128906
2023-05-17,170.97813415527344
2023-05-18,173.31472778320312
2023-05-19,173.42364501953125
2023-05-22,172.47312927246094
2023-05-23,169.8592987060547
2023-05-24,170.1365509033203
2023-05-25,171.27516174316406
2023-05-26,173.69093322753906
2023-05-30,175.54241943359375
2023-05-31,175.492919921875
2023-06-01,178.3047637939453
2023-06-02,179.15625
2023-06-05,177.7998046875
2023-06-06,177.43348693847656
2023-06-07,176.05728149414062
2023-06-08,178.77999877929688
2023-06-09,179.1661376953125
2023-06-12,181.96807861328125
2023-06-13,181.4928436279297
2023-06-14,182.1265106201172
2023-06-15,184.16607666015625
2023-06-16,183.0868682861328
2023-06-20,183.1759796142578
2023-06-21,182.1364288330078
2023-06-22,185.1462860107422
2023-06-23,184.8294219970703
2023-06-26,183.43341064453125
2023-06-27,186.19577026367188
2023-06-28,187.3739776611328
2023-06-29,187.71058654785156
2023-06-30,192.0471649169922
2023-07-03,190.55215454101562
2023-07-05,189.43333435058594
2023-07-06,189.90858459472656
2023-07-07,188.78976440429688
2023-07-10,186.74029541015625
2023-07-11,186.21556091308594
2023-07-12,187.88880920410156
2023-07-13,188.65115356445312
2023-07-14,188.79969787597656
2023-07-17,192.06698608398438
2023-07-18,191.8095245361328
2023-07-19,193.1659698486328
2023-07-20,191.2154998779297
2023-07-21,190.03729248046875
2023-07-24,190.8392791748047
2023-07-25,191.7006378173828
2023-07-26,192.57191467285156
2023-07-27,191.30459594726562
2023-07-28,193.88873291015625
2023-07-31,194.5026092529297
2023-08-01,193.6708984375
2023-08-02,190.6709747314453
2023-08-03,189.27491760253906
2023-08-04,180.18594360351562
2023-08-07,177.0770721435547
2023-08-08,178.0176544189453
2023-08-09,176.423583984375
2023-08-10,176.20578002929688
2023-08-11,176.26528930664062
2023-08-14,177.9209442138672
2023-08-15,175.9281768798828
2023-08-16,175.0557403564453
2023-08-17,172.5077667236328
2023-08-18,172.99356079101562
2023-08-21,174.33197021484375
2023-08-22,175.71005249023438
2023-08-23,179.56671142578125
2023-08-24,174.86737060546875
2023-08-25,177.0782470703125
2023-08-28,178.64471435546875
2023-08-29,182.54098510742188
2023-08-30,186.0407257080078
2023-08-31,186.25881958007812
2023-09-01,187.835205078125
2023-09-05,188.07310485839844
2023-09-06,181.34133911132812
2023-09-07,176.0372314453125
2023-09-08,176.6519012451172
2023-09-11,177.82179260253906
2023-09-12,174.7880401611328
2023-09-13,172.71597290039062
2023-09-14,174.2328643798828
2023-09-15,173.5091094970703
2023-09-18,176.4437255859375
2023-09-19,177.53428649902344
2023-09-20,173.9849853515625
2023-09-21,172.43836975097656
2023-09-22,173.2909698486328
2023-09-25,174.56993103027344
2023-09-26,170.4852752685547
2023-09-27,168.96836853027344
2023-09-28,169.22616577148438
2023-09-29,169.74171447753906
2023-10-02,172.25991821289062
2023-10-03,170.9215087890625
2023-10-04,172.17066955566406
2023-10-05,173.4099884033203
2023-10-06,175.9678192138672
2023-10-09,177.45498657226562
2023-10-10,176.86012268066406
2023-10-11,178.25804138183594
2023-10-12,179.16024780273438
2023-10-13,177.31617736816406
2023-10-16,177.1873016357422
2023-10-17,175.63075256347656
2023-10-18,174.33197021484375
2023-10-19,173.95526123046875
2023-10-20,171.39736938476562
2023-10-23,171.516357421875
2023-10-24,171.95257568359375
2023-10-25,169.6326446533203
2023-10-26,165.45875549316406
2023-10-27,166.77734375
2023-10-30,168.8295440673828
2023-10-31,169.30548095703125
2023-11-01,172.47802734375
2023-11-02,176.04714965820312
2023-11-03,175.13504028320312
2023-11-06,177.6929473876953
2023-11-07,180.2606964111328
2023-11-08,181.32154846191406
2023-11-09,180.84564208984375
2023-11-10,185.04489135742188
2023-11-13,183.45651245117188
2023-11-14,186.07733154296875
2023-11-15,186.6431884765625
2023-11-16,188.33084106445312
2023-11-17,188.31097412109375
2023-11-20,190.05816650390625
2023-11-21,189.25405883789062
2023-11-22,189.91920471191406
2023-11-24,188.58892822265625
2023-11-27,188.4102325439453
2023-11-28,189.0157928466797
2023-11-29,187.99331665039062
2023-11-30,188.569091796875
2023-12-01,189.84971618652344
2023-12-04,188.0528564453125
2023-12-05,192.0138702392578
2023-12-06,190.92184448242188
2023-12-07,192.85768127441406
2023-12-08,194.28721618652344
2023-12-11,191.77560424804688
2023-12-12,193.2945098876953
2023-12-13,196.5208740234375
2023-12-14,196.66973876953125
2023-12-15,196.13368225097656
2023-12-18,194.46592712402344
2023-12-19,195.5082550048828
2023-12-20,193.4136199951172
2023-12-21,193.26467895507812
2023-12-22,192.19256591796875
2023-12-26,191.6465606689453
2023-12-27,191.74581909179688
2023-12-28,192.17269897460938
2023-12-29,191.1303253173828
2024-01-02,184.29042053222656
2024-01-03,182.9105224609375
2024-01-04,180.58753967285156
2024-01-05,179.8628387451172
2024-01-08,184.2109832763672
2024-01-09,183.79405212402344
2024-01-10,184.83641052246094
2024-01-11,184.24078369140625
2024-01-12,184.56837463378906
2024-01-16,182.29501342773438
2024-01-17,181.35191345214844
2024-01-18,187.25869750976562
2024-01-19,190.16738891601562
2024-01-22,192.48045349121094
2024-01-23,193.76104736328125
2024-01-24,193.0860137939453
2024-01-25,192.75839233398438
2024-01-26,191.02110290527344
2024-01-29,190.33615112304688
2024-01-30,186.67294311523438
2024-01-31,183.05941772460938
2024-02-01,185.50155639648438
2024-02-02,184.49888610839844
2024-02-05,186.31558227539062
2024-02-06,187.923828125
2024-02-07,188.03302001953125
2024-02-08,186.95094299316406
2024-02-09,187.71632385253906
2024-02-12,186.02650451660156
2024-02-13,183.92918395996094
2024-02-14,183.04452514648438
2024-02-15,182.75628662109375
2024-02-16,181.21556091308594
2024-02-20,180.47006225585938
2024-02-21,181.2255096435547
2024-02-22,183.26318359375
2024-02-23,181.42431640625
2024-02-26,180.07247924804688
2024-02-27,181.53366088867188
2024-02-28,180.33091735839844
2024-02-29,179.66493225097656
2024-03-01,178.5814971923828
2024-03-04,174.04885864257812
2024-03-05,169.09877014160156
2024-03-06,168.104736328125
2024-03-07,167.9854736328125
2024-03-08,169.70509338378906
2024-03-11,171.7129669189453
2024-03-12,172.19007873535156
2024-03-13,170.10269165039062
2024-03-14,171.96144104003906
2024-03-15,171.583740234375
2024-03-18,172.67715454101562
2024-03-19,175.02297973632812
2024-03-20,177.597412109375
2024-03-21,170.34124755859375
2024-03-22,171.2457733154297
2024-03-25,169.82437133789062
2024-03-26,168.69122314453125
2024-03-27,172.26959228515625
2024-03-28,170.45057678222656
2024-04-01,169.00929260253906
2024-04-02,167.82643127441406
2024-04-03,168.63156127929688
2024-04-04,167.80657958984375
2024-04-05,168.56198120117188
2024-04-08,167.4387664794922
2024-04-09,168.6514434814453
2024-04-10,166.77279663085938
2024-04-11,173.9892120361328
2024-04-12,175.4901580810547
2024-04-15,171.6533203125
2024-04-16,168.3632049560547
2024-04-17,166.99147033691406
2024-04-18,166.03721618652344
2024-04-19,164.0094757080078
2024-04-22,164.8444366455078
2024-04-23,165.8980712890625
2024-04-24,168.00535583496094
2024-04-25,168.87013244628906
2024-04-26,168.28366088867188
2024-04-29,172.4584503173828
2024-04-30,169.30747985839844
2024-05-01,168.28366088867188
2024-05-02,171.9912872314453
2024-05-03,182.27914428710938
2024-05-06,180.61917114257812
2024-05-07,181.30502319335938
2024-05-08,181.6429901123047
2024-05-09,183.46202087402344
2024-05-10,182.1979217529297
2024-05-13,185.4128875732422
2024-05-14,186.55752563476562
2024-05-15,188.83685302734375
2024-05-16,188.95631408691406
2024-05-17,188.98619079589844
2024-05-20,190.1507110595703
2024-05-21,191.4546356201172
2024-05-22,190.01138305664062
2024-05-23,186.01010131835938
2024-05-24,189.0956573486328
2024-05-28,189.10562133789062
2024-05-29,189.40420532226562
2024-05-30,190.39956665039062
2024-05-31,191.3551025390625
2024-06-03,193.12680053710938
2024-06-04,193.44532775878906
2024-06-05,194.95823669433594
2024-06-06,193.57470703125
2024-06-07,195.97349548339844
2024-06-10,192.2210235595703
2024-06-11,206.1857147216797
2024-06-12,212.0782012939453
2024-06-13,213.2427520751953
2024-06-14,211.50086975097656
2024-06-17,215.6614227294922
2024-06-18,213.29248046875
2024-06-20,208.70394897460938
2024-06-21,206.524169921875
2024-06-24,207.17111206054688
2024-06-25,208.0968017578125
2024-06-26,212.25733947753906
2024-06-27,213.10340881347656
2024-06-28,209.6395721435547
2024-07-01,215.7410430908203
2024-07-02,219.24465942382812
2024-07-03,220.51870727539062
2024-07-05,225.28639221191406
2024-07-08,226.759521484375
2024-07-09,227.61549377441406
2024-07-10,231.89549255371094
2024-07-11,226.51068115234375
2024-07-12,229.46685791015625
2024-07-15,233.3088836669922
2024-07-16,233.72694396972656
2024-07-17,227.81459045410156
2024-07-18,223.13644409179688
2024-07-19,223.26585388183594
2024-07-22,222.91749572753906
2024-07-23,223.96258544921875
2024-07-24,217.52268981933594
2024-07-25,216.47760009765625
2024-07-26,216.94541931152344
2024-07-29,217.22412109375
2024-07-30,217.78150939941406
2024-07-31,221.04623413085938
2024-08-01,217.3435516357422
2024-08-02,218.83656311035156
2024-08-05,208.29586791992188
2024-08-06,206.26536560058594
2024-08-07,208.8433074951172
2024-08-08,212.31704711914062
2024-08-09,215.23342895507812
2024-08-12,216.7680206298828
2024-08-13,220.4949493408203
2024-08-14,220.94334411621094
2024-08-15,223.93284606933594
2024-08-16,225.25819396972656
2024-08-19,225.0987548828125
2024-08-20,225.71656799316406
2024-08-21,225.60696411132812
2024-08-22,223.74349975585938
2024-08-23,226.04542541503906
2024-08-26,226.38421630859375
2024-08-27,227.2312469482422
2024-08-28,225.6966552734375
2024-08-29,228.98509216308594
2024-08-30,228.19784545898438
2024-09-03,221.98968505859375
2024-09-04,220.076416015625
2024-09-05,221.60105895996094
2024-09-06,220.0465087890625
2024-09-09,220.13621520996094
2024-09-10,219.3389892578125
2024-09-11,221.88006591796875
2024-09-12,221.98968505859375
2024-09-13,221.72061157226562
2024-09-16,215.56227111816406
2024-09-17,216.03062438964844
2024-09-18,219.9169464111328
2024-09-19,228.0683135986328
2024-09-20,227.40066528320312
2024-09-23,225.6767120361328
2024-09-24,226.5735626220703
2024-09-25,225.57705688476562
2024-09-26,226.72305297851562
2024-09-27,226.99208068847656
2024-09-30,232.183837890625
2024-10-01,225.41763305664062
2024-10-02,225.98562622070312
2024-10-03,224.8795166015625
2024-10-04,226.0055694580078
2024-10-07,220.91348266601562
2024-10-08,224.9791717529297
2024-10-09,228.73597717285156
2024-10-10,228.23770141601562
2024-10-11,226.75294494628906
2024-10-14,230.48980712890625
2024-10-15,233.03086853027344
2024-10-16,230.96812438964844
2024-10-17,231.33682250976562
2024-10-18,234.17684936523438
2024-10-21,235.6516571044922
2024-10-22,235.03382873535156
2024-10-23,229.95169067382812
2024-10-24,229.76235961914062
2024-10-25,230.5994110107422
2024-10-28,232.5824432373047
2024-10-29,232.85150146484375
2024-10-30,229.29400634765625
2024-10-31,225.11868286132812
2024-11-01,222.1291961669922
2024-11-04,221.23233032226562
2024-11-05,222.66729736328125
2024-11-06,221.93984985351562
2024-11-07,226.6831817626953
2024-11-08,226.41383361816406
2024-11-11,223.69039916992188
2024-11-12,223.69039916992188
2024-11-13,224.57826232910156
2024-11-14,227.67080688476562
2024-11-15,224.4585418701172
2024-11-18,227.47128295898438
2024-11-19,227.73065185546875
2024-11-20,228.44891357421875
2024-11-21,227.97007751464844
2024-11-22,229.3168182373047
2024-11-25,232.30960083007812
2024-11-26,234.49432373046875
2024-11-27,234.36465454101562
2024-11-29,236.75888061523438
2024-12-02,239.013427734375
2024-12-03,242.06607055664062
2024-12-04,242.42520141601562
2024-12-05,242.4551239013672
2024-12-06,242.25559997558594
2024-12-09,246.1562042236328
2024-12-10,247.1737518310547
2024-12-11,245.89682006835938
2024-12-12,247.36329650878906
2024-12-13,247.5328826904297
2024-12-16,250.4358673095703
2024-12-17,252.8699951171875
2024-12-18,247.4530792236328
2024-12-19,249.1888885498047
2024-12-20,253.87759399414062
2024-12-23,254.6557159423828
2024-12-24,257.57867431640625
2024-12-26,258.39666748046875
2024-12-27,254.9749298095703
2024-12-30,251.5930938720703
2024-12-31,249.8173828125
2025-01-02,243.26319885253906
2025-01-03,242.7743682861328
2025-01-06,244.41041564941406
2025-01-07,241.62713623046875
2025-01-08,242.11593627929688
2025-01-10,236.280029296875
2025-01-13,233.83592224121094
2025-01-14,232.71861267089844
2025-01-15,237.2975616455078
2025-01-16,227.710693359375
2025-01-17,229.4265594482422
2025-01-21,222.10421752929688
2025-01-22,223.29135131835938
2025-01-23,223.1217803955078
2025-01-24,222.24388122558594
2025-01-27,229.3068389892578
2025-01-28,237.68663024902344
2025-01-29,238.78399658203125
2025-01-30,237.0182342529297
2025-01-31,235.4320831298828
2025-02-03,227.4613037109375
2025-02-04,232.23977661132812
2025-02-05,231.9105682373047
2025-02-06,232.6587677001953
2025-02-07,227.08221435546875
2025-02-10,227.3518524169922
2025-02-11,232.3153533935547
2025-02-12,236.55978393554688
2025-02-13,241.21368408203125
2025-02-14,244.2796630859375
2025-02-18,244.14984130859375
2025-02-19,244.54930114746094
2025-02-20,245.508056640625
2025-02-21,245.22842407226562
2025-02-24,246.77639770507812
2025-02-25,246.71646118164062
2025-02-26,240.0452117919922
2025-02-27,236.98922729492188
2025-02-28,241.5232696533203
2025-03-03,237.71826171875
2025-03-04,235.6210174560547
2025-03-05,235.4312744140625
2025-03-06,235.0218048095703
2025-03-07,238.7569122314453
2025-03-10,227.1820831298828
2025-03-11,220.55078125
2025-03-12,216.69583129882812
2025-03-13,209.4053955078125
2025-03-14,213.21041870117188
2025-03-17,213.71974182128906
2025-03-18,212.4114532470703
2025-03-19,214.95811462402344
2025-03-20,213.81961059570312
2025-03-21,217.98414611816406
2025-03-24,220.44091796875
2025-03-25,223.45697021484375
2025-03-26,221.2398681640625
2025-03-27,223.5568389892578
2025-03-28,217.6146240234375
2025-03-31,221.83909606933594
2025-04-01,222.897705078125
2025-04-02,223.59678649902344
2025-04-03,202.9239044189453
2025-04-04,188.13330078125
2025-04-07,181.2223663330078
2025-04-08,172.19419860839844
2025-04-09,198.58958435058594
2025-04-10,190.17062377929688
2025-04-11,197.89048767089844
2025-04-14,202.25477600097656
2025-04-15,201.87527465820312
2025-04-16,194.0155792236328
2025-04-17,196.72203063964844
2025-04-21,192.9070281982422
2025-04-22,199.47842407226562
2025-04-23,204.33206176757812
2025-04-24,208.09710693359375
2025-04-25,209.00592041015625
2025-04-28,209.8647918701172
2025-04-29,210.9333953857422
2025-04-30,212.22171020507812
2025-05-01,213.04063415527344
2025-05-02,205.08106994628906
2025-05-05,198.62953186035156
2025-05-06,198.25001525878906
2025-05-07,195.99298095703125
2025-05-08,197.2313690185547
2025-05-09,198.27000427246094
2025-05-12,210.7899932861328
2025-05-13,212.92999267578125
2025-05-14,212.3300018310547
2025-05-15,211.4499969482422
2025-05-16,211.25999450683594
2025-05-19,208.77999877929688
2025-05-20,206.86000061035156
2025-05-21,202.08999633789062
2025-05-22,201.36000061035156
2025-05-23,195.27000427246094
2025-05-27,200.2100067138672
2025-05-28,200.4199981689453
2025-05-29,199.9499969482422
2025-05-30,200.85000610351562
2025-06-02,201.6999969482422
